{"errors":[],"warnings":[],"namedChunkGroups":{"app":{"chunks":[7,1],"assets":["webpack-runtime-0584765265c0a637d920.js","webpack-runtime-0584765265c0a637d920.js.map","app-bb0a7ea5d5ea61ad68c5.js","app-bb0a7ea5d5ea61ad68c5.js.map"],"children":{},"childAssets":{}},"component---src-pages-404-js":{"chunks":[0,2],"assets":["0.8650754089356d38038f.css","0-cb34c97e26502f612188.js","0-cb34c97e26502f612188.js.map","component---src-pages-404-js.3b5cf740f9b952a81914.css","component---src-pages-404-js-042d9bba68e3f5a079ba.js","component---src-pages-404-js-042d9bba68e3f5a079ba.js.map"],"children":{},"childAssets":{}},"component---src-pages-about-js":{"chunks":[0,3],"assets":["0.8650754089356d38038f.css","0-cb34c97e26502f612188.js","0-cb34c97e26502f612188.js.map","component---src-pages-about-js.3b5cf740f9b952a81914.css","component---src-pages-about-js-595091372ce05ed77b8c.js","component---src-pages-about-js-595091372ce05ed77b8c.js.map"],"children":{},"childAssets":{}},"component---src-pages-index-js":{"chunks":[0,4],"assets":["0.8650754089356d38038f.css","0-cb34c97e26502f612188.js","0-cb34c97e26502f612188.js.map","component---src-pages-index-js.3b5cf740f9b952a81914.css","component---src-pages-index-js-5f2f7fa8b225f7716a39.js","component---src-pages-index-js-5f2f7fa8b225f7716a39.js.map"],"children":{},"childAssets":{}},"component---src-pages-page-2-js":{"chunks":[0,5],"assets":["0.8650754089356d38038f.css","0-cb34c97e26502f612188.js","0-cb34c97e26502f612188.js.map","component---src-pages-page-2-js.3b5cf740f9b952a81914.css","component---src-pages-page-2-js-8cf535341d4969cd6552.js","component---src-pages-page-2-js-8cf535341d4969cd6552.js.map"],"children":{},"childAssets":{}},"component---src-pages-privacy-js":{"chunks":[0,6],"assets":["0.8650754089356d38038f.css","0-cb34c97e26502f612188.js","0-cb34c97e26502f612188.js.map","component---src-pages-privacy-js.3b5cf740f9b952a81914.css","component---src-pages-privacy-js-8d329958a32e21b9018c.js","component---src-pages-privacy-js-8d329958a32e21b9018c.js.map"],"children":{},"childAssets":{}}},"assetsByChunkName":{"app":["webpack-runtime-0584765265c0a637d920.js","app-bb0a7ea5d5ea61ad68c5.js"],"component---src-pages-404-js":["0.8650754089356d38038f.css","0-cb34c97e26502f612188.js","component---src-pages-404-js.3b5cf740f9b952a81914.css","component---src-pages-404-js-042d9bba68e3f5a079ba.js"],"component---src-pages-about-js":["0.8650754089356d38038f.css","0-cb34c97e26502f612188.js","component---src-pages-about-js.3b5cf740f9b952a81914.css","component---src-pages-about-js-595091372ce05ed77b8c.js"],"component---src-pages-index-js":["0.8650754089356d38038f.css","0-cb34c97e26502f612188.js","component---src-pages-index-js.3b5cf740f9b952a81914.css","component---src-pages-index-js-5f2f7fa8b225f7716a39.js"],"component---src-pages-page-2-js":["0.8650754089356d38038f.css","0-cb34c97e26502f612188.js","component---src-pages-page-2-js.3b5cf740f9b952a81914.css","component---src-pages-page-2-js-8cf535341d4969cd6552.js"],"component---src-pages-privacy-js":["0.8650754089356d38038f.css","0-cb34c97e26502f612188.js","component---src-pages-privacy-js.3b5cf740f9b952a81914.css","component---src-pages-privacy-js-8d329958a32e21b9018c.js"]}}