{"errors":[],"warnings":[],"namedChunkGroups":{"app":{"chunks":[7,1],"assets":["webpack-runtime-5a68ebfe0573595791b1.js","webpack-runtime-5a68ebfe0573595791b1.js.map","app-931c96313d0defcc40e3.js","app-931c96313d0defcc40e3.js.map"],"children":{},"childAssets":{}},"component---src-pages-404-js":{"chunks":[0,2],"assets":["0.8650754089356d38038f.css","0-1285b2d4408e0d0deca0.js","0-1285b2d4408e0d0deca0.js.map","component---src-pages-404-js.3b5cf740f9b952a81914.css","component---src-pages-404-js-336cd9d653f97920077f.js","component---src-pages-404-js-336cd9d653f97920077f.js.map"],"children":{},"childAssets":{}},"component---src-pages-about-js":{"chunks":[0,3],"assets":["0.8650754089356d38038f.css","0-1285b2d4408e0d0deca0.js","0-1285b2d4408e0d0deca0.js.map","component---src-pages-about-js.3b5cf740f9b952a81914.css","component---src-pages-about-js-db2bb9489e2cd18eaad0.js","component---src-pages-about-js-db2bb9489e2cd18eaad0.js.map"],"children":{},"childAssets":{}},"component---src-pages-index-js":{"chunks":[0,4],"assets":["0.8650754089356d38038f.css","0-1285b2d4408e0d0deca0.js","0-1285b2d4408e0d0deca0.js.map","component---src-pages-index-js.3b5cf740f9b952a81914.css","component---src-pages-index-js-ca84212320c9a658b39a.js","component---src-pages-index-js-ca84212320c9a658b39a.js.map"],"children":{},"childAssets":{}},"component---src-pages-page-2-js":{"chunks":[0,5],"assets":["0.8650754089356d38038f.css","0-1285b2d4408e0d0deca0.js","0-1285b2d4408e0d0deca0.js.map","component---src-pages-page-2-js.3b5cf740f9b952a81914.css","component---src-pages-page-2-js-c2b8114f9729d655b430.js","component---src-pages-page-2-js-c2b8114f9729d655b430.js.map"],"children":{},"childAssets":{}},"component---src-pages-privacy-js":{"chunks":[0,6],"assets":["0.8650754089356d38038f.css","0-1285b2d4408e0d0deca0.js","0-1285b2d4408e0d0deca0.js.map","component---src-pages-privacy-js.3b5cf740f9b952a81914.css","component---src-pages-privacy-js-69b4807c72656743c4a7.js","component---src-pages-privacy-js-69b4807c72656743c4a7.js.map"],"children":{},"childAssets":{}}},"assetsByChunkName":{"app":["webpack-runtime-5a68ebfe0573595791b1.js","app-931c96313d0defcc40e3.js"],"component---src-pages-404-js":["0.8650754089356d38038f.css","0-1285b2d4408e0d0deca0.js","component---src-pages-404-js.3b5cf740f9b952a81914.css","component---src-pages-404-js-336cd9d653f97920077f.js"],"component---src-pages-about-js":["0.8650754089356d38038f.css","0-1285b2d4408e0d0deca0.js","component---src-pages-about-js.3b5cf740f9b952a81914.css","component---src-pages-about-js-db2bb9489e2cd18eaad0.js"],"component---src-pages-index-js":["0.8650754089356d38038f.css","0-1285b2d4408e0d0deca0.js","component---src-pages-index-js.3b5cf740f9b952a81914.css","component---src-pages-index-js-ca84212320c9a658b39a.js"],"component---src-pages-page-2-js":["0.8650754089356d38038f.css","0-1285b2d4408e0d0deca0.js","component---src-pages-page-2-js.3b5cf740f9b952a81914.css","component---src-pages-page-2-js-c2b8114f9729d655b430.js"],"component---src-pages-privacy-js":["0.8650754089356d38038f.css","0-1285b2d4408e0d0deca0.js","component---src-pages-privacy-js.3b5cf740f9b952a81914.css","component---src-pages-privacy-js-69b4807c72656743c4a7.js"]}}